{
  "method": "RH-NBV-Tomato",
  "occlusion": "none",
  "params": {
    "horizon": 3,
    "num_candidates": 10,
    "lambda_cost": 2.0,
    "discount": 0.85,
    "step_size": 0.065,
    "use_spherical_bounds": false,
    "occlusion_bonus": 0.0,
    "trial": 0,
    "seed": 42,
    "target": "tomato"
  },
  "num_iters": 5,
  "coverages": [
    0.0,
    73.08,
    82.6,
    89.52,
    91.99,
    95.73
  ],
  "f1_scores": [
    0.0,
    0.6506,
    0.6599,
    0.6562,
    0.6484,
    0.6658
  ],
  "recalls": [
    0.0,
    0.4821,
    0.4925,
    0.4884,
    0.4797,
    0.499
  ],
  "precisions": [
    0.0,
    1.0,
    1.0,
    1.0,
    1.0,
    1.0
  ],
  "distances": [
    0.0,
    0.1982,
    0.2481,
    0.3287,
    0.3616,
    0.6093
  ],
  "times": [
    0.5,
    695.8,
    3616.7,
    4294.1,
    4960.3,
    5563.2
  ],
  "ray_tracing_calls": [
    0,
    30,
    60,
    90,
    120,
    150
  ],
  "final_coverage": 95.73,
  "final_f1": 0.6658,
  "final_distance": 0.6093,
  "total_time": 5563.2,
  "total_ray_calls": 150,
  "visibility_efficiency": 95.7,
  "coverage_auc": 77.01,
  "hausdorff_distance": 0.261626,
  "chamfer_distance": 0.036589,
  "coverage_efficiency": 157.11,
  "stagnation_count": 0,
  "first_detection_iter": 1,
  "views_to_threshold": {
    "views_to_25pct": 1,
    "views_to_50pct": 1,
    "views_to_75pct": 2
  },
  "views_to_f1_threshold": 1,
  "coverage_at_key_iters": {
    "0": 0.0,
    "3": 89.52,
    "6": 95.73,
    "9": 95.73,
    "5": 95.73
  },
  "sigma_series": [
    0.0,
    0.03954291343688965,
    0.04033878818154335,
    0.03581766039133072,
    0.04007212445139885,
    0.04121784120798111
  ],
  "occluded_recall_series": [
    0.0,
    0.0,
    0.13178652862513096,
    0.17572564244777222,
    0.21923337647131325,
    0.24801257163985949
  ],
  "tp_series": [
    0,
    155,
    258,
    210,
    249,
    302
  ],
  "fp_series": [
    0,
    0,
    0,
    0,
    0,
    0
  ],
  "fn_series": [
    0,
    16876,
    16538,
    16672,
    16954,
    16326
  ]
}