{
  "method": "RH-NBV",
  "occlusion": "complex3",
  "params": {
    "K": 10,
    "H": 3,
    "step_size": 0.12,
    "lambda": 2.0
  },
  "num_iters": 12,
  "coverages": [
    0.0,
    28.66,
    43.12,
    43.3,
    43.3,
    43.3,
    54.45,
    54.98,
    55.72,
    56.25,
    60.04,
    65.46,
    66.74
  ],
  "f1_scores": [
    0.0,
    0.0282,
    0.0606,
    0.0697,
    0.0663,
    0.0641,
    0.0922,
    0.1103,
    0.1139,
    0.1191,
    0.1276,
    0.1508,
    0.1521
  ],
  "recalls": [
    0.0,
    0.0165,
    0.0386,
    0.0463,
    0.0463,
    0.0463,
    0.0769,
    0.1016,
    0.1117,
    0.1188,
    0.1292,
    0.1574,
    0.1647
  ],
  "precisions": [
    0.0,
    0.0969,
    0.1418,
    0.1407,
    0.1168,
    0.1044,
    0.1151,
    0.1206,
    0.1161,
    0.1195,
    0.1261,
    0.1448,
    0.1413
  ],
  "distances": [
    0.0,
    0.1443,
    0.1923,
    0.4158,
    0.4727,
    0.5351,
    0.8802,
    0.9269,
    0.9609,
    0.9777,
    1.0657,
    1.2385,
    1.2477
  ],
  "times": [
    0.4,
    450.5,
    855.3,
    1372.9,
    2874.5,
    3455.6,
    3969.3,
    4415.5,
    4849.6,
    5286.3,
    5740.6,
    6193.0,
    6653.4
  ],
  "ray_tracing_calls": [
    0,
    20,
    40,
    70,
    100,
    130,
    160,
    190,
    220,
    250,
    280,
    310,
    340
  ],
  "final_coverage": 66.74,
  "final_f1": 0.1521,
  "final_distance": 1.2477,
  "total_time": 6653.4,
  "total_ray_calls": 340,
  "visibility_efficiency": 66.7,
  "coverage_auc": 48.5,
  "hausdorff_distance": 0.148298,
  "chamfer_distance": 0.025808,
  "coverage_efficiency": 53.49,
  "stagnation_count": 2,
  "first_detection_iter": 1,
  "views_to_threshold": {
    "views_to_25pct": 1,
    "views_to_50pct": 6,
    "views_to_75pct": null
  },
  "views_to_f1_threshold": 7,
  "coverage_at_key_iters": {
    "0": 0.0,
    "3": 43.3,
    "6": 54.45,
    "9": 56.25,
    "12": 66.74
  },
  "sigma_series": [
    0.0,
    0.06043752655386925,
    0.055822908878326416,
    0.0658341720700264,
    0.07198350131511688,
    0.07627469301223755,
    0.07655131816864014,
    0.07544489949941635,
    0.07401181757450104,
    0.07369085401296616,
    0.07427412271499634,
    0.07601170986890793,
    0.07634430378675461
  ],
  "occluded_recall_series": [
    0.0,
    0.0,
    0.022457926743034932,
    0.03032102955734691,
    0.03032102955734691,
    0.03032102955734691,
    0.061490595389619575,
    0.08652241549992928,
    0.0967897044265309,
    0.1040022627633998,
    0.11458068165747419,
    0.1433177768349597,
    0.15067175788431622
  ]
}