{
  "method": "RH-NBV",
  "occlusion": "well",
  "params": {
    "horizon": 3,
    "num_candidates": 10,
    "lambda_cost": 2.0,
    "discount": 0.85,
    "step_size": 0.065,
    "use_spherical_bounds": false,
    "occlusion_bonus": 0.0,
    "trial": 0,
    "seed": 42
  },
  "num_iters": 20,
  "coverages": [
    0.0,
    12.11,
    16.29,
    28.46,
    39.31,
    39.31,
    39.34,
    39.67,
    39.75,
    39.76,
    40.83,
    41.04,
    41.18,
    41.28,
    41.55,
    41.61,
    41.61,
    41.61,
    41.61,
    41.61,
    41.77
  ],
  "f1_scores": [
    0.0,
    0.1039,
    0.1744,
    0.2611,
    0.3203,
    0.3203,
    0.3203,
    0.3522,
    0.3439,
    0.3502,
    0.3469,
    0.3518,
    0.3429,
    0.3405,
    0.3414,
    0.3414,
    0.3414,
    0.3414,
    0.3414,
    0.3542,
    0.3492
  ],
  "recalls": [
    0.0,
    0.0548,
    0.0955,
    0.1501,
    0.1907,
    0.1907,
    0.1907,
    0.2138,
    0.2077,
    0.2123,
    0.2104,
    0.2137,
    0.207,
    0.2053,
    0.2059,
    0.2059,
    0.2059,
    0.2059,
    0.2059,
    0.2157,
    0.212
  ],
  "precisions": [
    0.0,
    1.0,
    1.0,
    1.0,
    1.0,
    1.0,
    1.0,
    1.0,
    1.0,
    1.0,
    0.9881,
    0.9946,
    0.9977,
    0.998,
    0.9978,
    0.9978,
    0.9978,
    0.9978,
    0.9978,
    0.9882,
    0.9913
  ],
  "distances": [
    0.0,
    0.2081,
    0.2337,
    0.3388,
    0.3756,
    0.6626,
    0.7242,
    0.7661,
    0.7824,
    1.134,
    1.1915,
    1.251,
    1.3122,
    1.3263,
    1.3636,
    1.755,
    2.0421,
    2.2724,
    2.3003,
    2.4741,
    2.5229
  ],
  "times": [
    0.5,
    645.0,
    1283.7,
    1885.1,
    2474.0,
    3140.8,
    3792.9,
    4382.1,
    5006.8,
    5644.5,
    6271.9,
    6898.7,
    8160.5,
    8613.1,
    9062.8,
    9511.4,
    12346.2,
    12812.3,
    13283.7,
    13734.1,
    14198.5
  ],
  "ray_tracing_calls": [
    0,
    30,
    60,
    90,
    120,
    150,
    180,
    210,
    240,
    270,
    300,
    330,
    360,
    390,
    420,
    450,
    480,
    510,
    540,
    570,
    600
  ],
  "final_coverage": 41.77,
  "final_f1": 0.3492,
  "final_distance": 2.5229,
  "total_time": 14198.5,
  "total_ray_calls": 600,
  "visibility_efficiency": 41.8,
  "coverage_auc": 36.44,
  "hausdorff_distance": 0.102367,
  "chamfer_distance": 0.023837,
  "coverage_efficiency": 16.56,
  "stagnation_count": 5,
  "first_detection_iter": 1,
  "views_to_threshold": {
    "views_to_25pct": 3,
    "views_to_50pct": null,
    "views_to_75pct": null
  },
  "views_to_f1_threshold": 1,
  "coverage_at_key_iters": {
    "0": 0.0,
    "3": 28.46,
    "6": 39.34,
    "9": 39.76,
    "12": 41.18
  },
  "sigma_series": [
    0.0,
    0.00634675333276391,
    0.014080360531806946,
    0.02406192757189274,
    0.02752966247498989,
    0.02752966247498989,
    0.02752966247498989,
    0.028819382190704346,
    0.02852705307304859,
    0.028393710032105446,
    0.02973921224474907,
    0.031823791563510895,
    0.026460083201527596,
    0.025407938286662102,
    0.026275839656591415,
    0.026275839656591415,
    0.026275839656591415,
    0.026275839656591415,
    0.026275839656591415,
    0.031058628112077713,
    0.029078977182507515
  ],
  "occluded_recall_series": [
    0.0,
    0.0,
    0.011657416961820564,
    0.023649496611540286,
    0.02864154837270268,
    0.02864154837270268,
    0.03968541707337479,
    0.06484089578046127,
    0.06656998633460691,
    0.07348634855118945,
    0.07446244805756198,
    0.07886884011490086,
    0.08104414758624537,
    0.08360989486013888,
    0.0800401595225479,
    0.08386089187606326,
    0.08408400033466269,
    0.08408400033466269,
    0.08408400033466269,
    0.086733413280531,
    0.08653819337925649
  ],
  "tp_series": [
    0,
    22,
    96,
    288,
    405,
    405,
    405,
    410,
    409,
    425,
    414,
    553,
    441,
    496,
    449,
    449,
    449,
    449,
    449,
    504,
    457
  ],
  "fp_series": [
    0,
    0,
    0,
    0,
    0,
    0,
    0,
    0,
    0,
    0,
    5,
    3,
    1,
    1,
    1,
    1,
    1,
    1,
    1,
    6,
    4
  ],
  "fn_series": [
    0,
    17213,
    16471,
    15477,
    14739,
    14739,
    14739,
    14318,
    14429,
    14345,
    14380,
    14320,
    14441,
    14473,
    14461,
    14461,
    14461,
    14461,
    14461,
    14282,
    14351
  ]
}