{
  "method": "RH-NBV-Tomato",
  "occlusion": "none",
  "params": {
    "horizon": 3,
    "num_candidates": 10,
    "lambda_cost": 2.0,
    "discount": 0.85,
    "step_size": 0.065,
    "use_spherical_bounds": false,
    "occlusion_bonus": 0.0,
    "trial": 0,
    "seed": 42,
    "target": "tomato"
  },
  "num_iters": 5,
  "coverages": [
    0.0,
    77.8,
    83.88,
    89.26,
    92.44,
    94.64
  ],
  "f1_scores": [
    0.0,
    0.9789,
    0.9845,
    0.9927,
    0.9834,
    0.9743
  ],
  "recalls": [
    0.0,
    0.9864,
    0.997,
    0.9999,
    0.9832,
    0.9832
  ],
  "precisions": [
    0.0,
    0.9715,
    0.9723,
    0.9857,
    0.9836,
    0.9655
  ],
  "distances": [
    0.0,
    0.227,
    0.2768,
    0.3443,
    0.3772,
    0.6083
  ],
  "times": [
    0.3,
    515.2,
    1016.0,
    1501.0,
    1943.9,
    2435.5
  ],
  "ray_tracing_calls": [
    0,
    30,
    60,
    90,
    120,
    150
  ],
  "final_coverage": 94.64,
  "final_f1": 0.9743,
  "final_distance": 0.6083,
  "total_time": 2435.5,
  "total_ray_calls": 150,
  "visibility_efficiency": 94.6,
  "coverage_auc": 78.14,
  "hausdorff_distance": 0.050206,
  "chamfer_distance": 0.00462,
  "coverage_efficiency": 155.59,
  "stagnation_count": 0,
  "first_detection_iter": 1,
  "views_to_threshold": {
    "views_to_25pct": 1,
    "views_to_50pct": 1,
    "views_to_75pct": 1
  },
  "views_to_f1_threshold": 1,
  "coverage_at_key_iters": {
    "0": 0.0,
    "3": 89.26,
    "6": 94.64,
    "9": 94.64,
    "5": 94.64
  },
  "sigma_series": [
    0.0,
    0.05218416824936867,
    0.05165328085422516,
    0.051728326827287674,
    0.050425611436367035,
    0.04944932460784912
  ],
  "occluded_recall_series": [
    0.0,
    0.0,
    0.16166449180803247,
    0.20501667391619544,
    0.27823691460055094,
    0.3610265332753371
  ],
  "tp_series": [
    0,
    511,
    631,
    619,
    599,
    643
  ],
  "fp_series": [
    0,
    15,
    18,
    9,
    10,
    23
  ],
  "fn_series": [
    0,
    260,
    58,
    2,
    320,
    320
  ]
}