{
  "method": "GradientNBV_tomato",
  "occlusion": "none",
  "params": {
    "planner": "GradientNBV_tomato",
    "lr": 0.03,
    "trial": 0,
    "seed": null
  },
  "num_iters": 20,
  "coverages": [
    0.0,
    70.37,
    82.98,
    88.78,
    91.16,
    92.18,
    92.67,
    93.07,
    94.65,
    95.41,
    95.76,
    95.94,
    96.02,
    96.1,
    96.4,
    96.46,
    96.48,
    96.53,
    96.64,
    96.85,
    96.99
  ],
  "f1_scores": [
    0.0,
    0.6483,
    0.6568,
    0.662,
    0.6599,
    0.6612,
    0.6604,
    0.6628,
    0.6653,
    0.6652,
    0.6611,
    0.6653,
    0.6637,
    0.6635,
    0.6619,
    0.6608,
    0.6612,
    0.6612,
    0.6943,
    0.6932,
    0.6952
  ],
  "recalls": [
    0.0,
    0.4797,
    0.489,
    0.4948,
    0.4925,
    0.4938,
    0.493,
    0.4957,
    0.4984,
    0.4984,
    0.4937,
    0.4985,
    0.4967,
    0.4964,
    0.4946,
    0.4934,
    0.4938,
    0.4939,
    0.5318,
    0.5304,
    0.5327
  ],
  "precisions": [
    0.0,
    1.0,
    1.0,
    1.0,
    1.0,
    1.0,
    1.0,
    1.0,
    1.0,
    1.0,
    1.0,
    1.0,
    1.0,
    1.0,
    1.0,
    1.0,
    1.0,
    1.0,
    1.0,
    1.0,
    1.0
  ],
  "distances": [
    0.0,
    0.0519,
    0.0746,
    0.1018,
    0.1306,
    0.1566,
    0.1814,
    0.2061,
    0.2222,
    0.2426,
    0.2575,
    0.2683,
    0.2757,
    0.2812,
    0.287,
    0.2962,
    0.3221,
    0.3461,
    0.3675,
    0.3837,
    0.3987
  ],
  "times": [
    0.0,
    57.6,
    105.6,
    152.9,
    201.8,
    255.0,
    308.5,
    356.0,
    408.6,
    459.8,
    512.1,
    560.3,
    604.9,
    646.7,
    687.7,
    727.3,
    767.3,
    807.3,
    846.9,
    892.1,
    931.6
  ],
  "ray_tracing_calls": [
    0,
    1,
    2,
    3,
    4,
    5,
    6,
    7,
    8,
    9,
    10,
    11,
    12,
    13,
    14,
    15,
    16,
    17,
    18,
    19,
    20
  ],
  "final_coverage": 96.99,
  "final_f1": 0.6952,
  "final_distance": 0.3987,
  "total_time": 931.6,
  "total_ray_calls": 20,
  "visibility_efficiency": 97.0,
  "coverage_auc": 90.65,
  "hausdorff_distance": 0.260284,
  "chamfer_distance": 0.033808,
  "coverage_efficiency": 243.27,
  "stagnation_count": 0,
  "first_detection_iter": 1,
  "views_to_threshold": {
    "views_to_25pct": 1,
    "views_to_50pct": 1,
    "views_to_75pct": 2
  },
  "views_to_f1_threshold": 1,
  "coverage_at_key_iters": {
    "0": 0.0,
    "3": 88.78,
    "6": 92.67,
    "9": 95.41,
    "12": 96.02
  },
  "tp_series": [
    0,
    199,
    256,
    360,
    335,
    340,
    310,
    330,
    346,
    365,
    349,
    364,
    361,
    346,
    363,
    336,
    318,
    318,
    328,
    328,
    334
  ],
  "fp_series": [
    0,
    0,
    0,
    0,
    0,
    0,
    0,
    0,
    0,
    0,
    0,
    0,
    0,
    0,
    0,
    0,
    0,
    0,
    0,
    0,
    0
  ],
  "fn_series": [
    0,
    16956,
    16652,
    16464,
    16538,
    16494,
    16520,
    16434,
    16344,
    16346,
    16498,
    16342,
    16400,
    16410,
    16468,
    16508,
    16494,
    16492,
    15258,
    15302,
    15226
  ],
  "sigma_series": [
    0.0,
    0.036794815212488174,
    0.03759545832872391,
    0.03652616962790489,
    0.036457933485507965,
    0.03648362308740616,
    0.03259890154004097,
    0.033445805311203,
    0.03699013590812683,
    0.03676104545593262,
    0.035962287336587906,
    0.03805006295442581,
    0.038342252373695374,
    0.037718866020441055,
    0.039447274059057236,
    0.03649331256747246,
    0.03391944244503975,
    0.034960076212882996,
    0.033751945942640305,
    0.03449336811900139,
    0.03502653166651726
  ],
  "occluded_recall_series": [
    0.0,
    0.0,
    0.1329299363057325,
    0.204171974522293,
    0.21843949044585986,
    0.23162420382165605,
    0.27143312101910827,
    0.27226114649681527,
    0.2787579617834395,
    0.2786942675159236,
    0.2798089171974522,
    0.278343949044586,
    0.28764331210191085,
    0.29328025477707004,
    0.29009554140127386,
    0.2979299363057325,
    0.3037898089171975,
    0.31404458598726115,
    0.3262420382165605,
    0.3348407643312102,
    0.33904458598726117
  ]
}